{
  "toxic": {
    "0": 0.9268317311576056,
    "1": 1.0857109060799621
  },
  "severe_toxic": {
    "0": 0.5165716472594452,
    "1": 15.586007811173374
  },
  "obscene": {
    "0": 0.6202071050897849,
    "1": 2.579743953681193
  },
  "threat": {
    "0": 0.5070895635767974,
    "1": 35.763101500097406
  },
  "insult": {
    "0": 0.6780705286136958,
    "1": 1.903938102201894
  },
  "identity_hate": {
    "0": 0.5195953557619913,
    "1": 13.258125090278781
  }
}