{
  "ru": {
    "toxic": {
      "0": 0.998104247252116,
      "1": 1.0019029678609872,
      "support_0": 26111,
      "support_1": 26012
    },
    "severe_toxic": {
      "0": 0.5195673843700159,
      "1": 13.276362710137544,
      "support_0": 50160,
      "support_1": 1963
    },
    "obscene": {
      "0": 0.6449908429441172,
      "1": 2.2242468208585815,
      "support_0": 40406,
      "support_1": 11717
    },
    "threat": {
      "0": 0.507734419139278,
      "1": 32.82304785894207,
      "support_0": 51329,
      "support_1": 794
    },
    "insult": {
      "0": 0.6925172056439827,
      "1": 1.7985852311939268,
      "support_0": 37633,
      "support_1": 14490
    },
    "identity_hate": {
      "0": 0.5216473178542834,
      "1": 12.048774849745724,
      "support_0": 49960,
      "support_1": 2163
    }
  },
  "fr": {
    "toxic": {
      "0": 1.000115357994309,
      "1": 0.9998846686144857,
      "support_0": 26006,
      "support_1": 26012
    },
    "severe_toxic": {
      "0": 0.5196084307262012,
      "1": 13.249617931737138,
      "support_0": 50055,
      "support_1": 1963
    },
    "obscene": {
      "0": 0.6453205637157602,
      "1": 2.220334642308349,
      "support_0": 40304,
      "support_1": 11714
    },
    "threat": {
      "0": 0.5077502733093863,
      "1": 32.75692695214106,
      "support_0": 51224,
      "support_1": 794
    },
    "insult": {
      "0": 0.6931297303059375,
      "1": 1.7944666758658756,
      "support_0": 37524,
      "support_1": 14494
    },
    "identity_hate": {
      "0": 0.5216719818681429,
      "1": 12.035631652012958,
      "support_0": 49857,
      "support_1": 2161
    }
  },
  "it": {
    "toxic": {
      "0": 1.003075078327467,
      "1": 0.996943718283869,
      "support_0": 25853,
      "support_1": 26012
    },
    "severe_toxic": {
      "0": 0.5196685503587031,
      "1": 13.210646968925115,
      "support_0": 49902,
      "support_1": 1963
    },
    "obscene": {
      "0": 0.6457939037752765,
      "1": 2.214749338115979,
      "support_0": 40156,
      "support_1": 11709
    },
    "threat": {
      "0": 0.5077734918055257,
      "1": 32.66057934508816,
      "support_0": 51071,
      "support_1": 794
    },
    "insult": {
      "0": 0.6938647187884626,
      "1": 1.789559036643434,
      "support_0": 37374,
      "support_1": 14491
    },
    "identity_hate": {
      "0": 0.5217386930629325,
      "1": 12.00023137436372,
      "support_0": 49704,
      "support_1": 2161
    }
  },
  "es": {
    "toxic": {
      "0": 1.0006351283729167,
      "1": 0.999365677379671,
      "support_0": 25979,
      "support_1": 26012
    },
    "severe_toxic": {
      "0": 0.5196190133525226,
      "1": 13.242740703005603,
      "support_0": 50028,
      "support_1": 1963
    },
    "obscene": {
      "0": 0.6453859331165124,
      "1": 2.2195611338797816,
      "support_0": 40279,
      "support_1": 11712
    },
    "threat": {
      "0": 0.5077642784592546,
      "1": 32.69874213836478,
      "support_0": 51196,
      "support_1": 795
    },
    "insult": {
      "0": 0.6933057741032138,
      "1": 1.7932878035320088,
      "support_0": 37495,
      "support_1": 14496
    },
    "identity_hate": {
      "0": 0.5216941941439723,
      "1": 12.02382053654024,
      "support_0": 49829,
      "support_1": 2162
    }
  },
  "pt": {
    "toxic": {
      "0": 0.9954855423063735,
      "1": 1.004555589727818,
      "support_0": 26249,
      "support_1": 26012
    },
    "severe_toxic": {
      "0": 0.5195136983577876,
      "1": 13.311512990320937,
      "support_0": 50298,
      "support_1": 1963
    },
    "obscene": {
      "0": 0.6444178648055439,
      "1": 2.2310877732240435,
      "support_0": 40549,
      "support_1": 11712
    },
    "threat": {
      "0": 0.5077136806108768,
      "1": 32.909949622166245,
      "support_0": 51467,
      "support_1": 794
    },
    "insult": {
      "0": 0.6918504593714422,
      "1": 1.8030982611095776,
      "support_0": 37769,
      "support_1": 14492
    },
    "identity_hate": {
      "0": 0.5215668662674651,
      "1": 12.091855622397038,
      "support_0": 50100,
      "support_1": 2161
    }
  },
  "tr": {
    "toxic": {
      "0": 1.0026667697302312,
      "1": 0.9973473781331693,
      "support_0": 25874,
      "support_1": 26012
    },
    "severe_toxic": {
      "0": 0.5196602768263126,
      "1": 13.215995924605195,
      "support_0": 49923,
      "support_1": 1963
    },
    "obscene": {
      "0": 0.6456855571318351,
      "1": 2.216024600666268,
      "support_0": 40179,
      "support_1": 11707
    },
    "threat": {
      "0": 0.507770296719643,
      "1": 32.67380352644836,
      "support_0": 51092,
      "support_1": 794
    },
    "insult": {
      "0": 0.6937744023105311,
      "1": 1.790160088324593,
      "support_0": 37394,
      "support_1": 14492
    },
    "identity_hate": {
      "0": 0.5217400048266431,
      "1": 11.999537465309897,
      "support_0": 49724,
      "support_1": 2162
    }
  },
  "en": {
    "toxic": {
      "0": 0.6548866450752524,
      "1": 2.1140836408364083,
      "support_0": 41992,
      "support_1": 13008
    },
    "severe_toxic": {
      "0": 1.0,
      "1": 0.0,
      "support_0": 55000,
      "support_1": 0
    },
    "obscene": {
      "0": 0.5082052040212892,
      "1": 30.96846846846847,
      "support_0": 54112,
      "support_1": 888
    },
    "threat": {
      "0": 0.5033679894567287,
      "1": 74.72826086956522,
      "support_0": 54632,
      "support_1": 368
    },
    "insult": {
      "0": 0.6038912556546181,
      "1": 2.9063622912703444,
      "support_0": 45538,
      "support_1": 9462
    },
    "identity_hate": {
      "0": 0.5080925282684207,
      "1": 31.39269406392694,
      "support_0": 54124,
      "support_1": 876
    }
  }
}