{
  "en": {
    "toxic": {
      "0": 0.9525170913610939,
      "1": 1.0524653206977064,
      "support_0": 24135,
      "support_1": 21843
    },
    "severe_toxic": {
      "0": 0.5225722858701582,
      "1": 11.575528700906345,
      "support_0": 43992,
      "support_1": 1986
    },
    "obscene": {
      "0": 0.6837487359467016,
      "1": 1.8605535772094528,
      "support_0": 33622,
      "support_1": 12356
    },
    "threat": {
      "0": 0.5077748818306312,
      "1": 32.65482954545455,
      "support_0": 45274,
      "support_1": 704
    },
    "insult": {
      "0": 0.6662898878358403,
      "1": 2.0033986928104577,
      "support_0": 34503,
      "support_1": 11475
    },
    "identity_hate": {
      "0": 0.524443937492871,
      "1": 10.727484834344377,
      "support_0": 43835,
      "support_1": 2143
    }
  },
  "ru": {
    "toxic": {
      "0": 0.9864307669240573,
      "1": 1.0139477537181167,
      "support_0": 26678,
      "support_1": 25954
    },
    "severe_toxic": {
      "0": 0.5192888292519289,
      "1": 13.460869565217392,
      "support_0": 50677,
      "support_1": 1955
    },
    "obscene": {
      "0": 0.642747233959407,
      "1": 2.251347420651895,
      "support_0": 40943,
      "support_1": 11689
    },
    "threat": {
      "0": 0.5076486814946276,
      "1": 33.18537200504414,
      "support_0": 51839,
      "support_1": 793
    },
    "insult": {
      "0": 0.6893516699410609,
      "1": 1.8202946669433493,
      "support_0": 38175,
      "support_1": 14457
    },
    "identity_hate": {
      "0": 0.5213463557659924,
      "1": 12.211600928074246,
      "support_0": 50477,
      "support_1": 2155
    }
  },
  "fr": {
    "toxic": {
      "0": 0.9884111585066626,
      "1": 1.011863817289485,
      "support_0": 26491,
      "support_1": 25877
    },
    "severe_toxic": {
      "0": 0.5192559393963432,
      "1": 13.483007209062821,
      "support_0": 50426,
      "support_1": 1942
    },
    "obscene": {
      "0": 0.6428360993813218,
      "1": 2.2502578205568926,
      "support_0": 40732,
      "support_1": 11636
    },
    "threat": {
      "0": 0.5076779897626803,
      "1": 33.06060606060606,
      "support_0": 51576,
      "support_1": 792
    },
    "insult": {
      "0": 0.6897968861139651,
      "1": 1.8171975848428066,
      "support_0": 37959,
      "support_1": 14409
    },
    "identity_hate": {
      "0": 0.5213132378999343,
      "1": 12.22979915927137,
      "support_0": 50227,
      "support_1": 2141
    }
  },
  "it": {
    "toxic": {
      "0": 0.9870629502508204,
      "1": 1.0132806752623225,
      "support_0": 26513,
      "support_1": 25827
    },
    "severe_toxic": {
      "0": 0.5192769410877631,
      "1": 13.468862583633557,
      "support_0": 50397,
      "support_1": 1943
    },
    "obscene": {
      "0": 0.64231892595047,
      "1": 2.2566180908855737,
      "support_0": 40743,
      "support_1": 11597
    },
    "threat": {
      "0": 0.5076821603165981,
      "1": 33.042929292929294,
      "support_0": 51548,
      "support_1": 792
    },
    "insult": {
      "0": 0.6893554250190975,
      "1": 1.8202684843847812,
      "support_0": 37963,
      "support_1": 14377
    },
    "identity_hate": {
      "0": 0.5212316762268961,
      "1": 12.27485928705441,
      "support_0": 50208,
      "support_1": 2132
    }
  },
  "es": {
    "toxic": {
      "0": 0.9874896375009421,
      "1": 1.0128314137744454,
      "support_0": 26538,
      "support_1": 25874
    },
    "severe_toxic": {
      "0": 0.5192803075337851,
      "1": 13.466598150051388,
      "support_0": 50466,
      "support_1": 1946
    },
    "obscene": {
      "0": 0.6427292571064185,
      "1": 2.2515680041240658,
      "support_0": 40773,
      "support_1": 11639
    },
    "threat": {
      "0": 0.5076812801487824,
      "1": 33.04665825977301,
      "support_0": 51619,
      "support_1": 793
    },
    "insult": {
      "0": 0.6896315789473684,
      "1": 1.81834582292534,
      "support_0": 38000,
      "support_1": 14412
    },
    "identity_hate": {
      "0": 0.5212738448073518,
      "1": 12.251519401589528,
      "support_0": 50273,
      "support_1": 2139
    }
  },
  "pt": {
    "toxic": {
      "0": 0.98575134403549,
      "1": 1.0146666150690762,
      "support_0": 26599,
      "support_1": 25841
    },
    "severe_toxic": {
      "0": 0.5192901845836965,
      "1": 13.459958932238193,
      "support_0": 50492,
      "support_1": 1948
    },
    "obscene": {
      "0": 0.642536819663293,
      "1": 2.2539327774434796,
      "support_0": 40807,
      "support_1": 11633
    },
    "threat": {
      "0": 0.5076771158053711,
      "1": 33.06431273644388,
      "support_0": 51647,
      "support_1": 793
    },
    "insult": {
      "0": 0.6890208650864561,
      "1": 1.8226053107187543,
      "support_0": 38054,
      "support_1": 14386
    },
    "identity_hate": {
      "0": 0.5212205546168373,
      "1": 12.281030444964872,
      "support_0": 50305,
      "support_1": 2135
    }
  },
  "tr": {
    "toxic": {
      "0": 0.9860787992495309,
      "1": 1.014319901188822,
      "support_0": 26650,
      "support_1": 25908
    },
    "severe_toxic": {
      "0": 0.5193067741680499,
      "1": 13.448822927328557,
      "support_0": 50604,
      "support_1": 1954
    },
    "obscene": {
      "0": 0.6425340472872197,
      "1": 2.2539668925293763,
      "support_0": 40899,
      "support_1": 11659
    },
    "threat": {
      "0": 0.5076596155703661,
      "1": 33.138713745271126,
      "support_0": 51765,
      "support_1": 793
    },
    "insult": {
      "0": 0.6891948596905324,
      "1": 1.8213889658996396,
      "support_0": 38130,
      "support_1": 14428
    },
    "identity_hate": {
      "0": 0.5212639346213354,
      "1": 12.256996268656716,
      "support_0": 50414,
      "support_1": 2144
    }
  }
}