{
  "0": {
    "toxic": 0.46047261357307434,
    "severe_toxic": 0.03537772223353386,
    "obscene": 0.2777131497859955,
    "threat": 0.016539234668016434,
    "insult": 0.25907590985298157,
    "identity_hate": 0.026042653247714043
  },
  "1": {
    "toxic": 0.44148319959640503,
    "severe_toxic": 0.03648429363965988,
    "obscene": 0.1990610957145691,
    "threat": 0.012619060464203358,
    "insult": 0.24214455485343933,
    "identity_hate": 0.03167847916483879
  },
  "2": {
    "toxic": 0.3978160321712494,
    "severe_toxic": 0.015000982210040092,
    "obscene": 0.11362762749195099,
    "threat": 0.008195769973099232,
    "insult": 0.1587354838848114,
    "identity_hate": 0.0467526838183403
  },
  "3": {
    "toxic": 0.5033379793167114,
    "severe_toxic": 0.021415209397673607,
    "obscene": 0.14896434545516968,
    "threat": 0.013273251242935658,
    "insult": 0.22368550300598145,
    "identity_hate": 0.042373284697532654
  },
  "4": {
    "toxic": 0.4544762372970581,
    "severe_toxic": 0.0307308342307806,
    "obscene": 0.1775909662246704,
    "threat": 0.014509523287415504,
    "insult": 0.19917058944702148,
    "identity_hate": 0.031982019543647766
  },
  "5": {
    "toxic": 0.5313886404037476,
    "severe_toxic": 0.05001964047551155,
    "obscene": 0.20134443044662476,
    "threat": 0.018557138741016388,
    "insult": 0.32249945402145386,
    "identity_hate": 0.055891502648591995
  },
  "6": {
    "toxic": 0.5710838437080383,
    "severe_toxic": 0.023807251825928688,
    "obscene": 0.14760328829288483,
    "threat": 0.026773449033498764,
    "insult": 0.2600024938583374,
    "identity_hate": 0.03315547853708267
  }
}